{"cameraMode":{"drawMode":0,"name":"Shaded","section":"Shading Mode"},"sceneLighting":true,"audioPlay":false,"sceneViewState":{"showFog":true,"showMaterialUpdate":true,"showSkybox":true,"showFlares":true,"showImageEffects":true,"showParticleSystems":true},"in2DMode":false,"pivot":{"x":-2.9354135990142824,"y":3.4146645069122316,"z":-6.359433650970459},"rotation":{"x":-0.20388810336589814,"y":0.4228859543800354,"z":-0.09826222062110901,"w":-0.8774632215499878},"size":11.612768173217774,"orthographic":false}