{"cameraMode":{"drawMode":0,"name":"Shaded","section":"Shading Mode"},"sceneLighting":false,"audioPlay":false,"sceneViewState":{"showFog":true,"showMaterialUpdate":true,"showSkybox":true,"showFlares":true,"showImageEffects":true,"showParticleSystems":true},"in2DMode":false,"pivot":{"x":194.56333923339845,"y":-22.123323440551759,"z":128.91590881347657},"rotation":{"x":-0.04393751174211502,"y":-0.4699648320674896,"z":0.023420462384819986,"w":-0.8812968730926514},"size":140.33750915527345,"orthographic":false}